{
    "confusion_matrix": [
        [
            32,
            0,
            1,
            217
        ],
        [
            1,
            67,
            0,
            182
        ],
        [
            0,
            0,
            77,
            173
        ],
        [
            0,
            0,
            0,
            250
        ]
    ],
    "classification_report": {
        "0": {
            "precision": 0.9696969696969697,
            "recall": 0.128,
            "f1-score": 0.22614840989399293,
            "support": 250.0
        },
        "1": {
            "precision": 1.0,
            "recall": 0.268,
            "f1-score": 0.4227129337539432,
            "support": 250.0
        },
        "2": {
            "precision": 0.9871794871794872,
            "recall": 0.308,
            "f1-score": 0.4695121951219512,
            "support": 250.0
        },
        "3": {
            "precision": 0.30413625304136255,
            "recall": 1.0,
            "f1-score": 0.4664179104477612,
            "support": 250.0
        },
        "accuracy": 0.426,
        "macro avg": {
            "precision": 0.8152531774794549,
            "recall": 0.426,
            "f1-score": 0.3961978623044122,
            "support": 1000.0
        },
        "weighted avg": {
            "precision": 0.8152531774794548,
            "recall": 0.426,
            "f1-score": 0.3961978623044121,
            "support": 1000.0
        }
    }
}