{
    "confusion_matrix": [
        [
            222,
            0,
            0,
            28
        ],
        [
            13,
            82,
            0,
            155
        ],
        [
            41,
            0,
            157,
            52
        ],
        [
            0,
            0,
            0,
            250
        ]
    ],
    "classification_report": {
        "0": {
            "precision": 0.8043478260869565,
            "recall": 0.888,
            "f1-score": 0.844106463878327,
            "support": 250.0
        },
        "1": {
            "precision": 1.0,
            "recall": 0.328,
            "f1-score": 0.4939759036144578,
            "support": 250.0
        },
        "2": {
            "precision": 1.0,
            "recall": 0.628,
            "f1-score": 0.7714987714987716,
            "support": 250.0
        },
        "3": {
            "precision": 0.5154639175257731,
            "recall": 1.0,
            "f1-score": 0.6802721088435374,
            "support": 250.0
        },
        "accuracy": 0.711,
        "macro avg": {
            "precision": 0.8299529359031824,
            "recall": 0.711,
            "f1-score": 0.6974633119587734,
            "support": 1000.0
        },
        "weighted avg": {
            "precision": 0.8299529359031824,
            "recall": 0.711,
            "f1-score": 0.6974633119587734,
            "support": 1000.0
        }
    }
}