{
    "confusion_matrix": [
        [
            249,
            0,
            1,
            0
        ],
        [
            15,
            235,
            0,
            0
        ],
        [
            87,
            0,
            154,
            9
        ],
        [
            0,
            4,
            0,
            246
        ]
    ],
    "classification_report": {
        "0": {
            "precision": 0.7094017094017094,
            "recall": 0.996,
            "f1-score": 0.8286189683860233,
            "support": 250.0
        },
        "1": {
            "precision": 0.9832635983263598,
            "recall": 0.94,
            "f1-score": 0.9611451942740287,
            "support": 250.0
        },
        "2": {
            "precision": 0.9935483870967742,
            "recall": 0.616,
            "f1-score": 0.7604938271604939,
            "support": 250.0
        },
        "3": {
            "precision": 0.9647058823529412,
            "recall": 0.984,
            "f1-score": 0.9742574257425742,
            "support": 250.0
        },
        "accuracy": 0.884,
        "macro avg": {
            "precision": 0.9127298942944462,
            "recall": 0.884,
            "f1-score": 0.88112885389078,
            "support": 1000.0
        },
        "weighted avg": {
            "precision": 0.9127298942944463,
            "recall": 0.884,
            "f1-score": 0.88112885389078,
            "support": 1000.0
        }
    }
}