{
    "model_1": {
        "confusion_matrix": [
            [
                32,
                0,
                1,
                217
            ],
            [
                1,
                67,
                0,
                182
            ],
            [
                0,
                0,
                77,
                173
            ],
            [
                0,
                0,
                0,
                250
            ]
        ],
        "classification_report": {
            "0": {
                "precision": 0.9696969696969697,
                "recall": 0.128,
                "f1-score": 0.22614840989399293,
                "support": 250.0
            },
            "1": {
                "precision": 1.0,
                "recall": 0.268,
                "f1-score": 0.4227129337539432,
                "support": 250.0
            },
            "2": {
                "precision": 0.9871794871794872,
                "recall": 0.308,
                "f1-score": 0.4695121951219512,
                "support": 250.0
            },
            "3": {
                "precision": 0.30413625304136255,
                "recall": 1.0,
                "f1-score": 0.4664179104477612,
                "support": 250.0
            },
            "accuracy": 0.426,
            "macro avg": {
                "precision": 0.8152531774794549,
                "recall": 0.426,
                "f1-score": 0.3961978623044122,
                "support": 1000.0
            },
            "weighted avg": {
                "precision": 0.8152531774794548,
                "recall": 0.426,
                "f1-score": 0.3961978623044121,
                "support": 1000.0
            }
        }
    },
    "model_2": {
        "confusion_matrix": [
            [
                222,
                0,
                0,
                28
            ],
            [
                13,
                82,
                0,
                155
            ],
            [
                41,
                0,
                157,
                52
            ],
            [
                0,
                0,
                0,
                250
            ]
        ],
        "classification_report": {
            "0": {
                "precision": 0.8043478260869565,
                "recall": 0.888,
                "f1-score": 0.844106463878327,
                "support": 250.0
            },
            "1": {
                "precision": 1.0,
                "recall": 0.328,
                "f1-score": 0.4939759036144578,
                "support": 250.0
            },
            "2": {
                "precision": 1.0,
                "recall": 0.628,
                "f1-score": 0.7714987714987716,
                "support": 250.0
            },
            "3": {
                "precision": 0.5154639175257731,
                "recall": 1.0,
                "f1-score": 0.6802721088435374,
                "support": 250.0
            },
            "accuracy": 0.711,
            "macro avg": {
                "precision": 0.8299529359031824,
                "recall": 0.711,
                "f1-score": 0.6974633119587734,
                "support": 1000.0
            },
            "weighted avg": {
                "precision": 0.8299529359031824,
                "recall": 0.711,
                "f1-score": 0.6974633119587734,
                "support": 1000.0
            }
        }
    },
    "model_3": {
        "confusion_matrix": [
            [
                249,
                0,
                1,
                0
            ],
            [
                15,
                235,
                0,
                0
            ],
            [
                87,
                0,
                154,
                9
            ],
            [
                0,
                4,
                0,
                246
            ]
        ],
        "classification_report": {
            "0": {
                "precision": 0.7094017094017094,
                "recall": 0.996,
                "f1-score": 0.8286189683860233,
                "support": 250.0
            },
            "1": {
                "precision": 0.9832635983263598,
                "recall": 0.94,
                "f1-score": 0.9611451942740287,
                "support": 250.0
            },
            "2": {
                "precision": 0.9935483870967742,
                "recall": 0.616,
                "f1-score": 0.7604938271604939,
                "support": 250.0
            },
            "3": {
                "precision": 0.9647058823529412,
                "recall": 0.984,
                "f1-score": 0.9742574257425742,
                "support": 250.0
            },
            "accuracy": 0.884,
            "macro avg": {
                "precision": 0.9127298942944462,
                "recall": 0.884,
                "f1-score": 0.88112885389078,
                "support": 1000.0
            },
            "weighted avg": {
                "precision": 0.9127298942944463,
                "recall": 0.884,
                "f1-score": 0.88112885389078,
                "support": 1000.0
            }
        }
    }
}