{
    "model_1": {
        "disease_recall": 0.23733333333333334,
        "f1": 0.3961978623044121,
        "recall": 0.426,
        "precision": 0.8152531774794548,
        "roc_auc": 0.9792839999999999
    },
    "model_2": {
        "disease_recall": 0.6853333333333333,
        "f1": 0.6966818157762369,
        "recall": 0.71,
        "precision": 0.8295099139543584,
        "roc_auc": 0.9903893333333333
    },
    "model_3": {
        "disease_recall": 0.988,
        "f1": 0.88112885389078,
        "recall": 0.884,
        "precision": 0.9127298942944463,
        "roc_auc": 0.9944986666666668
    }
}